Name,Price,Rating
Not Found,$129.99$129.99,4.0 out of 5 stars
PlayStation 5 (Slim) - (Renewed Premium),$449.99$449.99,1.0 out of 5 stars
PlayStation®5 Console – Call of Duty® Modern Warfare® III Bundle (Renewed),$69.99$69.99,5.0 out of 5 stars
Nintendo 64 System - Video Game Console (Renewed),$102.99$102.99,4.2 out of 5 stars
PlayStation 5 Digital Edition (Renewed),$69.99$69.99,3.3 out of 5 stars
"ASTRO Gaming A40 TR Wired Headset + MixAmp Pro TR with Dolby Audio for PlayStation 5, PlayStation 4, PC, Mac - Black/Blue (Renewed)",$119.73$119.73,4.3 out of 5 stars
Watch Dogs: Legion PlayStation 5 Standard Edition (Renewed),$8.99$8.99,Previous page
ATV 2 Quad Power Racing - PlayStation 2 (Renewed),$22.19$22.19,4.8 out of 5 stars
Resident Evil 5 - Playstation 3 (Renewed),$10.99$10.99,4.8 out of 5 stars
"NexiGo PS5 Accessories Horizontal Stand, [Minimalist Design], PS5 Base Stand, Compatible with Playstation 5 Disc & Digital Editions, Black (Renewed)",$17.99$17.99,4.8 out of 5 stars
"NexiGo PS5 Accessories Horizontal Stand, [Minimalist Design], PS5 Base Stand, Compatible with Playstation 5 Disc & Digital Editions, White (Renewed)",$24.99$24.99,4.7 out of 5 stars
PS3 Gran Turismo 5 XL Edition (Renewed),$28.69$28.69,4.3 out of 5 stars
"Logitech G Driving Force Shifter – Compatible with G29, G920 & G923 Racing Wheels for-PlayStation 5, Playstation 4, Xbox-Series X|S, Xbox-One, and-PC - 941-000119 (Renewed)",$62.96$62.96,4.3 out of 5 stars
PlayStation 5 Digital Edition (Renewed),$69.99$69.99,4.0 out of 5 stars
"Astro A10 Gaming Headset Gen 2 Wired Headset - Over-Ear Gaming Headphones with flip-to-Mute Microphone, 32 mm Drivers, for Playstation 5, Playstation 4, Nintendo Switch, PC, Mac - White (Renewed)",$27.95$27.95,3.7 out of 5 stars
"Astro A10 Gaming Headset Gen 2 Wired Headse t- Over-Ear Gaming Headphones with flip-to-Mute Microphone, 32 mm Drivers, for Xbox Series X|S, Xbox One, Nintendo Switch, PC, Mac & Mobile- Black Renewed",$24.41$24.41,3.7 out of 5 stars
Guitar Hero 5 Stand Alone Software - Playstation 3 (Game only) (Renewed),$28.55$28.55,4.3 out of 5 stars
Test Drive 5 (Renewed),$19.49$19.49,5.0 out of 5 stars
Dynasty Warriors 5 - PlayStation 2 (Renewed),$22.99$22.99,Previous page
"Avantree Alto Clair aptX HD Bluetooth 5.0 Headset with Microphone, Mute Function, Clear Talking, Hi-Fi Music, Low Latency, Wireless Headphones with Charging Base for Computer, PC, Laptop, Skype, TV",$89.99$89.99,4.0 out of 5 stars
SW4 Wireless Gaming Earbuds for PC PS4 PS5 Switch Mobile - 2.4G Dongle & Bluetooth - 40ms Low Latency - Headphones with Built-in Microphone - 4 Mics PC Earbuds - PS5 Headset(White),$49.99$49.99,4.1 out of 5 stars
"FN950 1TB SSD M.2 2280 PCIe Gen4 x4 NVMe 1.4 Internal Solid State Drive - Speeds up to 5000MB/s, Dynamic SLC Cache,Compatible with laptop,Desktop and Ps5",$79.99$79.99,4.6 out of 5 stars
"5TB External Hard Drive Ultra Slim Portable HDD-USB 3.0 for PC, Mac, Laptop, PS4, Xbox one,Xbox 360 Model A4",$109.49$109.49,4.3 out of 5 stars
"YEYIAN Proud Stereo Gaming RGB Headset Mic, Noise Cancelling Over Ear Microphone Headphones, Bass Surround, Soft Earmuffs, Compatible with PS4 Xbox One PS5 Controller PC Laptop Games, White",$39.99$39.99,4.3 out of 5 stars
